JN699627 	1	32034 	32109 	Pseudo	CAG	0	0	35.82
JN699627 	2	32230 	32303 	Leu	GAG	0	0	40.91
JN699627 	3	32305 	32380 	Leu	CAA	0	0	42.60
JN699627 	4	92634 	92704 	Pro	TGG	0	0	44.31
JN699627 	5	93144 	93219 	Trp	CCA	0	0	38.99
JN699627 	6	93221 	93303 	Tyr	GTA	0	0	49.23
JN699627 	7	94096 	94169 	Sup	CTA	0	0	61.33
JN699627 	8	94318 	94394 	Met	CAT	0	0	67.14
JN699627 	9	94519 	94589 	Cys	GCA	0	0	47.70
JN699627 	10	94658 	94728 	Glu	CTC	0	0	48.13
JN699627 	11	94731 	94805 	His	GTG	0	0	70.85
JN699627 	12	94966 	95039 	Ala	TGC	0	0	56.09
JN699627 	13	95230 	95301 	Phe	GAA	0	0	74.82
JN699627 	14	95308 	95380 	Val	CAC	0	0	63.50
JN699627 	15	95501 	95573 	Lys	CTT	0	0	78.60
JN699627 	16	95579 	95654 	Glu	TTC	0	0	30.36
JN699627 	17	95735 	95806 	Gly	TCC	0	0	57.86
JN699627 	18	95867 	95939 	Thr	CGT	0	0	48.95
JN699627 	19	96014 	96086 	Thr	TGT	0	0	52.81
JN699627 	20	96131 	96202 	Thr	GGT	0	0	59.51
JN699627 	21	97526 	97598 	Gly	GCC	0	0	59.56
JN699627 	22	97603 	97677 	Asp	GTC	0	0	45.51
JN699627 	23	97735 	97806 	Met	CAT	0	0	52.75
JN699627 	24	97981 	98055 	Arg	ACG	0	0	48.46
JN699627 	25	98096 	98167 	Val	GAC	0	0	57.47
JN699627 	26	98342 	98417 	Arg	CCT	0	0	60.15
JN699627 	27	98975 	99052 	Gln	TTG	0	0	50.31
JN699627 	28	99054 	99126 	Arg	TCT	0	0	65.59
JN699627 	29	99195 	99272 	Lys	TTT	0	0	69.96
JN699627 	30	127392	127466	Gln	CTG	0	0	56.72
JN699627 	31	127473	127549	Asn	GTT	0	0	81.45
